French,English
comme,as
je,I
son,his
que,that
il,he
était,was
pour,for
sur,on
sont,are
avec,with
ils,they
être,be
à,at
un,one
avoir,have
ce,this
à partir de,from
par,by
chaud,hot
mot,word
mais,but
que,what
certains,some
est,is
il,it
vous,you
ou,or
eu,had
la,the
de,of
à,to
et,and
un,a
dans,in
nous,we
boîte,can
dehors,out
autre,other
étaient,were
qui,which
faire,do
leur,their
temps,time
si,if
volonté,will
comment,how
dit,said
un,an
chaque,each
dire,tell
ne,does
ensemble,set
trois,three
vouloir,want
air,air
bien,well
aussi,also
jouer,play
petit,small
fin,end
mettre,put
maison,home
lire,read
main,hand
port,port
grand,large
épeler,spell
ajouter,add
même,even
terre,land
ici,here
il faut,must
grand,big
haut,high
tel,such
suivre,follow
acte,act
pourquoi,why
interroger,ask
hommes,men
changement,change
est allé,went
lumière,light
genre,kind
de,off
besoin,need
maison,house
image,picture
essayer,try
nous,us
encore,again
animal,animal
point,point
mère,mother
monde,world
près de,near
construire,build
soi,self
terre,earth
père,father
tout,any
nouveau,new
travail,work
partie,part
prendre,take
obtenir,get
lieu,place
fabriqué,made
vivre,live
où,where
après,after
arrière,back
peu,little
seulement,only
tour,round
homme,man
année,year
est venu,came
montrer,show
tous,every
bon,good
moi,me
donner,give
notre,our
sous,under
nom,name
très,very
par,through
juste,just
forme,form
phrase,sentence
grand,great
penser,think
dire,say
aider,help
faible,low
ligne,line
différer,differ
tour,turn
la cause,cause
beaucoup,much
signifier,mean
avant,before
déménagement,move
droit,right
garçon,boy
vieux,old
trop,too
même,same
elle,she
tous,all
là,there
quand,when
jusqu’à,up
utiliser,use
votre,your
manière,way
sur,about
beaucoup,many
puis,then
les,them
écrire,write
voudrais,would
comme,like
si,so
ces,these
son,her
long,long
faire,make
chose,thing
voir,see
lui,him
deux,two
a,has
regarder,look
plus,more
jour,day
pourrait,could
aller,go
venir,come
fait,did
nombre,number
son,sound
aucun,no
plus,most
personnes,people
ma,my
sur,over
savoir,know
eau,water
que,than
appel,call
première,first
qui,who
peut,may
vers le bas,down
côté,side
été,been
maintenant,now
trouver,find
tête,head
supporter,stand
propre,own
page,page
devrait,should
pays,country
trouvé,found
réponse,answer
école,school
croître,grow
étude,study
encore,still
apprendre,learn
usine,plant
couvercle,cover
nourriture,food
soleil,sun
quatre,four
entre,between
état,state
garder,keep
œil,eye
jamais,never
dernier,last
laisser,let
pensée,thought
ville,city
arbre,tree
traverser,cross
ferme,farm
dur,hard
début,start
puissance,might
histoire,story
scie,saw
loin,far
mer,sea
tirer,draw
gauche,left
tard,late
courir,run
tandis que,while
presse,press
proche,close
nuit,night
réel,real
vie,life
peu,few
nord,north
livre,book
porter,carry
a pris,took
science,science
manger,eat
chambre,room
ami,friend
a commencé,began
idée,idea
poisson,fish
montagne,mountain
Arrêtez,stop
une fois,once
base,base
entendre,hear
cheval,horse
coupe,cut
sûr,sure
regarder,watch
couleur,color
face,face
bois,wood
principal,main
ouvert,open
paraître,seem
ensemble,together
suivant,next
blanc,white
enfants,children
commencer,begin
eu,got
marcher,walk
exemple,example
facilité,ease
papier,paper
groupe,group
toujours,always
musique,music
ceux,those
tous les deux,both
marque,mark
souvent,often
lettre,letter
jusqu’à ce que,until
mile,mile
rivière,river
voiture,car
pieds,feet
soins,care
deuxième,second
assez,enough
plaine,plain
fille,girl
habituel,usual
jeune,young
prêt,ready
au-dessus,above
jamais,ever
rouge,red
liste,list
bien que,though
sentir,feel
parler,talk
oiseau,bird
bientôt,soon
corps,body
chien,dog
famille,family
direct,direct
pose,pose
laisser,leave
chanson,song
mesurer,measure
porte,door
produit,product
noir,black
court,short
chiffre,numeral
classe,class
vent,wind
question,question