Spanish,English
como,as
yo,I
su,his
que,that
él,he
era,was
para,for
en,on
son,are
con,with
ellos,they
ser,be
en,at
uno,one
tener,have
este,this
desde,from
por,by
caliente,hot
palabra,word
pero,but
qué,what
algunos,some
es,is
lo,it
usted,you
o,or
tenido,had
la,the
de,of
a,to
y,and
un,a
en,in
nos,we
lata,can
fuera,out
otros,other
eran,were
que,which
hacer,do
su,their
tiempo,time
si,if
lo hará,will
cómo,how
dicho,said
un,an
cada,each
decir,tell
hace,does
conjunto,set
tres,three
querer,want
aire,air
así,well
también,also
jugar,play
pequeño,small
fin,end
poner,put
casa,home
leer,read
mano,hand
puerto,port
grande,large
deletrear,spell
añadir,add
incluso,even
tierra,land
aquí,here
debe,must
grande,big
alto,high
tal,such
siga,follow
acto,act
por qué,why
preguntar,ask
hombres,men
cambio,change
se fue,went
luz,light
tipo,kind
fuera,off
necesitará,need
casa,house
imagen,picture
tratar,try
nosotros,us
de nuevo,again
animal,animal
punto,point
madre,mother
mundo,world
cerca,near
construir,build
auto,self
tierra,earth
padre,father
cualquier,any
nuevo,new
trabajo,work
parte,part
tomar,take
conseguir,get
lugar,place
hecho,made
vivir,live
donde,where
después,after
espalda,back
poco,little
sólo,only
ronda,round
hombre,man
años,year
vino,came
show,show
cada,every
buena,good
me,me
dar,give
nuestro,our
bajo,under
nombre,name
muy,very
a través de,through
sólo,just
forma,form
frase,sentence
gran,great
pensar,think
decir,say
ayudar,help
bajo,low
línea,line
ser distinto,differ
a su vez,turn
causa,cause
mucho,much
significará,mean
antes,before
movimiento,move
derecho,right
niño,boy
viejo,old
demasiado,too
misma,same
ella,she
todo,all
hay,there
cuando,when
hasta,up
uso,use
su,your
camino,way
acerca,about
muchos,many
entonces,then
ellos,them
escribir,write
haría,would
como,like
así,so
éstos,these
su,her
largo,long
hacer,make
cosa,thing
ver,see
él,him
dos,two
tiene,has
buscar,look
más,more
día,day
podía,could
ir,go
venir,come
hizo,did
número,number
sonar,sound
no,no
más,most
personas,people
mi,my
sobre,over
saber,know
agua,water
que,than
llamada,call
primero,first
que,who
puede,may
abajo,down
lado,side
estado,been
ahora,now
encontrar,find
cabeza,head
de pie,stand
propio,own
página,page
debería,should
país,country
encontrado,found
respuesta,answer
escuela,school
crecer,grow
estudio,study
todavía,still
aprender,learn
planta,plant
cubierta,cover
alimentos,food
sol,sun
cuatro,four
entre,between
estado,state
mantener,keep
ojo,eye
nunca,never
último,last
dejar,let
pensado,thought
ciudad,city
árbol,tree
cruzar,cross
granja,farm
duro,hard
inicio,start
podría,might
historia,story
sierra,saw
ahora,far
mar,sea
dibujar,draw
izquierda,left
tarde,late
ejecutar,run
no,don’t
mientras,while
prensa,press
Cerrar,close
noche,night
reales,real
vida,life
pocos,few
norte,north
libro,book
llevar,carry
tomó,took
ciencia,science
comer,eat
habitación,room
amigo,friend
comenzó,began
gusta,idea
peces,fish
montaña,mountain
Deténgase,stop
una vez,once
base de,base
escuchar,hear
caballo,horse
cortada,cut
seguro,sure
ver,watch
colores,color
cara,face
madera,wood
principal,main
abierta,open
parecer,seem
juntos,together
próximo,next
blanco,white
niños,children
comenzar,begin
conseguido,got
caminar,walk
ejemplo,example
aliviar,ease
papel,paper
grupo,group
siempre,always
música,music
los,those
ambos,both
marca,mark
menudo,often
carta,letter
hasta,until
milla,mile
río,river
coche,car
pies,feet
cuidado,care
segundo,second
suficiente,enough
llano,plain
chica,girl
habitual,usual
joven,young
listo,ready
por encima de,above
nunca,ever
rojo,red
lista,list
aunque,though
sentir,feel
charla,talk
pájaro,bird
pronto,soon
cuerpo,body
perro,dog
familia,family
directa,direct
plantear,pose
dejar,leave
canción,song
medir,measure
puerta,door
producto,product
negro,black
corto,short
numeral,numeral
clase,class
viento,wind
pregunta,question
suceder,happen
completo,complete
buque,ship
zona,area
medio,half
roca,rock
orden,order
fuego,fire
sur,south
problema,problem
pieza,piece
dicho,told
sabía,knew
pasar,pass
desde,since
cima,top
todo,whole
rey,king
calle,street
pulgadas,inch
multiplicar,multiply
nada,nothing
curso,course
quedarse,stay
rueda,wheel
completo,full
fuerza,force
azul,blue
objeto,object
decidir,decide
superficie,surface
profunda,deep
luna,moon
isla,island
pie,foot
sistema,system
ocupado,busy
prueba,test
registro,record
barco,boat
común,common
oro,gold
posible,possible
plano,plane
lugar,stead
seco,dry
maravilla,wonder
risa,laugh
mil,thousand
hace,ago
corrió,ran
comprobar,check
juego,game
forma,shape
equiparar,equate
caliente,hot
señorita,miss
traído,brought
calor,heat
nieve,snow
neumáticos,tire
traer,bring
sí,yes
distante,distant
llenar,fill
al este,east
pintar,paint
idioma,language
entre,among
unidad,unit
potencia,power
ciudad,town
fina,fine
cierto,certain
volar,fly
caer,fall
conducir,lead
grito,cry
oscuro,dark
máquina,machine
nota,note
espere,wait
plan de,plan
figura,figure
estrella,star
caja,box
sustantivo,noun
campo,field
resto,rest
correcta,correct
capaz,able
libra,pound
hecho,done
belleza,beauty
unidad,drive
destacado,stood
contener,contain
delante,front
enseñar,teach
semana,week
último,final
dio,gave
verde,green
oh,oh
rápido,quick
desarrollar,develop
océano,ocean
caliente,warm
libre,free
minuto,minute
fuerte,strong
especial,special
mente,mind
detrás,behind
claro,clear
cola,tail
Produce,produce
hecho,fact
espacio,space
oído,heard
mejor,best
horas,hour
mejor,better
verdadero,true
durante,during
cien,hundred
cinco,five
recordar,remember
paso,step
temprana,early
mantenga,hold
oeste,west
suelo,ground
interés,interest
llegar,reach
rápido,fast
verbo,verb
cantar,sing
escuchar,listen
seis,six
mesa,table
viajes,travel
menos,less
mañana,morning
diez,ten
sencilla,simple
varios,several
vocal,vowel
hacia,toward
guerra,war
sentar,lay
contra,against
patrón,pattern
lenta,slow
centro,center
amar,love
persona,person
dinero,money
servir,serve
aparecerá,appear
carretera,road
mapa,map
lluvia,rain
regla,rule
gobernar,govern
Halar,pull
frío,cold
aviso,notice
voz,voice
energía,energy
caza,hunt
probable,probable
cama,bed
hermano,brother
huevo,egg
paseo,ride
celular,cell
creer,believe
quizás,perhaps
recoger,pick
repentina,sudden
contar,count
plaza,square
razón,reason
longitud,length
representar,represent
arte,art
sujeto,subject
región,region
tamaño,size
variar,vary
resolver,settle
hablar,speak
peso,weight
general,general
hielo,ice
materia,matter
círculo,circle
par,pair
incluir,include
brecha,divide
sílaba,syllable
sentido,felt
gran,grand
bola,ball
aún,yet
ola,wave
caer,drop
corazón,heart
am,am
presente,present
pesada,heavy
danza,dance
motor,engine
posición,position
brazo,arm
amplio,wide
vela,sail
materiales,material
fracción,fraction
bosque,forest
sentarse,sit
carrera,race
ventana,window
tienda,store
verano,summer
tren,train
sueño,sleep
demostrar,prove
solitario,lone
pierna,leg
ejercicio,exercise
pared,wall
capturas,catch
monte,mount
desear,wish
cielo,sky
bordo,board
alegría,joy
invierno,winter
satélite,sat
escrito,written
salvaje,wild
instrumento,instrument
guardado,kept
vidrio,glass
hierba,grass
vaca,cow
trabajo,job
borde,edge
signo,sign
visita,visit
pasado,past
suave,soft
diversión,fun
brillante,bright
gas,gas
tiempo,weather
mes,month
millones,million
soportar,bear
acabado,finish
feliz,happy
esperanza,hope
flor,flower
vestir,clothe
extraño,strange
se ha ido,gone
comercio,trade
melodía,melody
viaje,trip
oficina,office
recibir,receive
fila,row
boca,mouth
exacta,exact
símbolo,symbol
morir,die
menos,least
problema,trouble
grito,shout
excepto,except
escribió,wrote
semilla,seed
tono,tone
unirse,join
sugerir,suggest
limpia,clean
rotura,break
dama,lady
patio,yard
aumentando,rise
mal,bad
golpe,blow
aceite,oil
sangre,blood
tocar,touch
creció,grew
ciento,cent
mezclar,mix
equipo,team
alambre,wire
costo,cost
perdido,lost
marrón,brown
desgaste,wear
jardín,garden
igual,equal
enviado,sent
elegir,choose
cayó,fell
encajar,fit
fluir,flow
justo,fair
banco,bank
recoger,collect
guardar,save
el control,control
decimal,decimal
oído,ear
demás,else
bastante,quite
rompió,broke
caso,case
medio,middle
matar,kill
hijo,son
lago,lake
momento,moment
escala,scale
fuerte,loud
primavera,spring
observar,observe
niño,child
recta,straight
consonante,consonant
nación,nation
diccionario,dictionary
leche,milk
velocidad,speed
método,method
órgano,organ
pagar,pay
edad,age
sección,section
vestido,dress
nube,cloud
sorpresa,surprise
tranquila,quiet
piedra,stone
pequeño,tiny
ascenso,climb
fresco,cool
diseño,design
pobre,poor
mucho,lot
experimento,experiment
inferior,bottom
clave,key
hierro,iron
sola,single
palillo,stick
plana,flat
veinte,twenty
piel,skin
sonrisa,smile
pliegue,crease
agujero,hole
saltar,jump
bebé,baby
ocho,eight
pueblo,village
se reúnen,meet
raíz,root
comprar,buy
aumentar,raise
resolver,solve
de metal,metal
si,whether
empujar,push
siete,seven
párrafo,paragraph
tercero,third
deberá,shall
en espera,held
pelo,hair
describir,describe
cocinero,cook
piso,floor
ya sea,either
resultado,result
quemar,burn
colina,hill
seguro,safe
gato,cat
siglo,century
considerar,consider
tipo,type
ley,law
bit,bit
costa,coast
copia,copy
frase,phrase
silencio,silent
de altura,tall
arena,sand
suelo,soil
rollo,roll
temperatura,temperature
dedo,finger
industria,industry
valor,value
lucha,fight
mentira,lie
batir,beat
excitar,excite
naturales,natural
vista,view
sentido,sense
de capital,capital
no lo hará,won’t
silla,chair
peligro,danger
fruta,fruit
rica,rich
de espesor,thick
soldado,soldier
proceso,process
operar,operate
práctica,practice
separada,separate
difícil,difficult
médico,doctor
por favor,please
proteger,protect
mediodía,noon
de cultivos,crop
moderno,modern
elemento,element
golpear,hit
estudiante,student
esquina,corner
partido,party
suministro,supply
cuya,whose
localizar,locate
anillo,ring
carácter,character
insecto,insect
capturado,caught
período,period
indicar,indicate
Radio,radio
habló,spoke
átomo,atom
humana,human
historia,history
efecto,effect
eléctrica,electric
esperar,expect
hueso,bone
ferrocarril,rail
imaginar,imagine
proporcionar,provide
acuerdo,agree
por tanto,thus
suave,gentle
mujer,woman
capitán,captain
adivinar,guess
necesario,necessary
agudo,sharp
ala,wing
crear,create
vecino,neighbor
lavado,wash
bate,bat
más bien,rather
multitud,crowd
maíz,corn
comparar,compare
poema,poem
cadena,string
campana,bell
dependerá,depend
carne,meat
frotar,rub
tubo,tube
famoso,famous
dólar,dollar
corriente,stream
miedo,fear
vista,sight
delgado,thin
triángulo,triangle
planeta,planet
prisa,hurry
jefe, chief